CREATE TABLE IF NOT EXISTS pokemon (
    number INT NOT NULL,
    name VARCHAR(255) NOT NULL,
    PRIMARY KEY (number)
);

INSERT OR IGNORE INTO pokemon (number, name) VALUES (1, 'Bulbasaur');
INSERT OR IGNORE INTO pokemon (number, name) VALUES (2, 'Ivysaur');
INSERT OR IGNORE INTO pokemon (number, name) VALUES (3, 'Venusaur');
INSERT OR IGNORE INTO pokemon (number, name) VALUES (4, 'Charmander');
INSERT OR IGNORE INTO pokemon (number, name) VALUES (5, 'Charmeleon');
INSERT OR IGNORE INTO pokemon (number, name) VALUES (6, 'Charizard');
INSERT OR IGNORE INTO pokemon (number, name) VALUES (7, 'Squirtle');
INSERT OR IGNORE INTO pokemon (number, name) VALUES (8, 'Wartortle');
INSERT OR IGNORE INTO pokemon (number, name) VALUES (9, 'Blastoise');
INSERT OR IGNORE INTO pokemon (number, name) VALUES (10, 'Caterpie');
INSERT OR IGNORE INTO pokemon (number, name) VALUES (11, 'Metapod');
INSERT OR IGNORE INTO pokemon (number, name) VALUES (12, 'Butterfree');
INSERT OR IGNORE INTO pokemon (number, name) VALUES (13, 'Weedle');
INSERT OR IGNORE INTO pokemon (number, name) VALUES (14, 'Kakuna');
INSERT OR IGNORE INTO pokemon (number, name) VALUES (15, 'Beedrill');
INSERT OR IGNORE INTO pokemon (number, name) VALUES (16, 'Pidgey');
INSERT OR IGNORE INTO pokemon (number, name) VALUES (17, 'Pidgeotto');
INSERT OR IGNORE INTO pokemon (number, name) VALUES (18, 'Pidgeot');
INSERT OR IGNORE INTO pokemon (number, name) VALUES (19, 'Rattata');
INSERT OR IGNORE INTO pokemon (number, name) VALUES (20, 'Raticate');
INSERT OR IGNORE INTO pokemon (number, name) VALUES (21, 'Spearow');
INSERT OR IGNORE INTO pokemon (number, name) VALUES (22, 'Fearow');
INSERT OR IGNORE INTO pokemon (number, name) VALUES (23, 'Ekans');
INSERT OR IGNORE INTO pokemon (number, name) VALUES (24, 'Arbok');
INSERT OR IGNORE INTO pokemon (number, name) VALUES (25, 'Pikachu');
INSERT OR IGNORE INTO pokemon (number, name) VALUES (26, 'Raichu');
INSERT OR IGNORE INTO pokemon (number, name) VALUES (27, 'Sandshrew');
INSERT OR IGNORE INTO pokemon (number, name) VALUES (28, 'Sandslash');
INSERT OR IGNORE INTO pokemon (number, name) VALUES (29, 'Nidoran♀');
INSERT OR IGNORE INTO pokemon (number, name) VALUES (30, 'Nidorina');
INSERT OR IGNORE INTO pokemon (number, name) VALUES (31, 'Nidoqueen');
INSERT OR IGNORE INTO pokemon (number, name) VALUES (32, 'Nidoran♂');
INSERT OR IGNORE INTO pokemon (number, name) VALUES (33, 'Nidorino');
INSERT OR IGNORE INTO pokemon (number, name) VALUES (34, 'Nidoking');
INSERT OR IGNORE INTO pokemon (number, name) VALUES (35, 'Clefairy');
INSERT OR IGNORE INTO pokemon (number, name) VALUES (36, 'Clefable');
INSERT OR IGNORE INTO pokemon (number, name) VALUES (37, 'Vulpix');
INSERT OR IGNORE INTO pokemon (number, name) VALUES (38, 'Ninetales');
INSERT OR IGNORE INTO pokemon (number, name) VALUES (39, 'Jigglypuff');
INSERT OR IGNORE INTO pokemon (number, name) VALUES (40, 'Wigglytuff');
INSERT OR IGNORE INTO pokemon (number, name) VALUES (41, 'Zubat');
INSERT OR IGNORE INTO pokemon (number, name) VALUES (42, 'Golbat');
INSERT OR IGNORE INTO pokemon (number, name) VALUES (43, 'Oddish');
INSERT OR IGNORE INTO pokemon (number, name) VALUES (44, 'Gloom');
INSERT OR IGNORE INTO pokemon (number, name) VALUES (45, 'Vileplume');
INSERT OR IGNORE INTO pokemon (number, name) VALUES (46, 'Paras');
INSERT OR IGNORE INTO pokemon (number, name) VALUES (47, 'Parasect');
INSERT OR IGNORE INTO pokemon (number, name) VALUES (48, 'Venonat');
INSERT OR IGNORE INTO pokemon (number, name) VALUES (49, 'Venomoth');
INSERT OR IGNORE INTO pokemon (number, name) VALUES (50, 'Diglett');
INSERT OR IGNORE INTO pokemon (number, name) VALUES (51, 'Dugtrio');
INSERT OR IGNORE INTO pokemon (number, name) VALUES (52, 'Meowth');
INSERT OR IGNORE INTO pokemon (number, name) VALUES (53, 'Persian');
INSERT OR IGNORE INTO pokemon (number, name) VALUES (54, 'Psyduck');
INSERT OR IGNORE INTO pokemon (number, name) VALUES (55, 'Golduck');
INSERT OR IGNORE INTO pokemon (number, name) VALUES (56, 'Mankey');
INSERT OR IGNORE INTO pokemon (number, name) VALUES (57, 'Primeape');
INSERT OR IGNORE INTO pokemon (number, name) VALUES (58, 'Growlithe');
INSERT OR IGNORE INTO pokemon (number, name) VALUES (59, 'Arcanine');
INSERT OR IGNORE INTO pokemon (number, name) VALUES (60, 'Poliwag');
INSERT OR IGNORE INTO pokemon (number, name) VALUES (61, 'Poliwhirl');
INSERT OR IGNORE INTO pokemon (number, name) VALUES (62, 'Poliwrath');
INSERT OR IGNORE INTO pokemon (number, name) VALUES (63, 'Abra');
INSERT OR IGNORE INTO pokemon (number, name) VALUES (64, 'Kadabra');
INSERT OR IGNORE INTO pokemon (number, name) VALUES (65, 'Alakazam');
INSERT OR IGNORE INTO pokemon (number, name) VALUES (66, 'Machop');
INSERT OR IGNORE INTO pokemon (number, name) VALUES (67, 'Machoke');
INSERT OR IGNORE INTO pokemon (number, name) VALUES (68, 'Machamp');
INSERT OR IGNORE INTO pokemon (number, name) VALUES (69, 'Bellsprout');
INSERT OR IGNORE INTO pokemon (number, name) VALUES (70, 'Weepinbell');
INSERT OR IGNORE INTO pokemon (number, name) VALUES (71, 'Victreebel');
INSERT OR IGNORE INTO pokemon (number, name) VALUES (72, 'Tentacool');
INSERT OR IGNORE INTO pokemon (number, name) VALUES (73, 'Tentacruel');
INSERT OR IGNORE INTO pokemon (number, name) VALUES (74, 'Geodude');
INSERT OR IGNORE INTO pokemon (number, name) VALUES (75, 'Graveler');
INSERT OR IGNORE INTO pokemon (number, name) VALUES (76, 'Golem');
INSERT OR IGNORE INTO pokemon (number, name) VALUES (77, 'Ponyta');
INSERT OR IGNORE INTO pokemon (number, name) VALUES (78, 'Rapidash');
INSERT OR IGNORE INTO pokemon (number, name) VALUES (79, 'Slowpoke');
INSERT OR IGNORE INTO pokemon (number, name) VALUES (80, 'Slowbro');
INSERT OR IGNORE INTO pokemon (number, name) VALUES (81, 'Magnemite');
INSERT OR IGNORE INTO pokemon (number, name) VALUES (82, 'Magneton');
INSERT OR IGNORE INTO pokemon (number, name) VALUES (83, 'Farfetch''d');
INSERT OR IGNORE INTO pokemon (number, name) VALUES (84, 'Doduo');
INSERT OR IGNORE INTO pokemon (number, name) VALUES (85, 'Dodrio');
INSERT OR IGNORE INTO pokemon (number, name) VALUES (86, 'Seel');
INSERT OR IGNORE INTO pokemon (number, name) VALUES (87, 'Dewgong');
INSERT OR IGNORE INTO pokemon (number, name) VALUES (88, 'Grimer');
INSERT OR IGNORE INTO pokemon (number, name) VALUES (89, 'Muk');
INSERT OR IGNORE INTO pokemon (number, name) VALUES (90, 'Shellder');
INSERT OR IGNORE INTO pokemon (number, name) VALUES (91, 'Cloyster');
INSERT OR IGNORE INTO pokemon (number, name) VALUES (92, 'Gastly');
INSERT OR IGNORE INTO pokemon (number, name) VALUES (93, 'Haunter');
INSERT OR IGNORE INTO pokemon (number, name) VALUES (94, 'Gengar');
INSERT OR IGNORE INTO pokemon (number, name) VALUES (95, 'Onix');
INSERT OR IGNORE INTO pokemon (number, name) VALUES (96, 'Drowzee');
INSERT OR IGNORE INTO pokemon (number, name) VALUES (97, 'Hypno');
INSERT OR IGNORE INTO pokemon (number, name) VALUES (98, 'Krabby');
INSERT OR IGNORE INTO pokemon (number, name) VALUES (99, 'Kingler');
INSERT OR IGNORE INTO pokemon (number, name) VALUES (100, 'Voltorb');
INSERT OR IGNORE INTO pokemon (number, name) VALUES (101, 'Electrode');
INSERT OR IGNORE INTO pokemon (number, name) VALUES (102, 'Exeggcute');
INSERT OR IGNORE INTO pokemon (number, name) VALUES (103, 'Exeggutor');
INSERT OR IGNORE INTO pokemon (number, name) VALUES (104, 'Cubone');
INSERT OR IGNORE INTO pokemon (number, name) VALUES (105, 'Marowak');
INSERT OR IGNORE INTO pokemon (number, name) VALUES (106, 'Hitmonlee');
INSERT OR IGNORE INTO pokemon (number, name) VALUES (107, 'Hitmonchan');
INSERT OR IGNORE INTO pokemon (number, name) VALUES (108, 'Lickitung');
INSERT OR IGNORE INTO pokemon (number, name) VALUES (109, 'Koffing');
INSERT OR IGNORE INTO pokemon (number, name) VALUES (110, 'Weezing');
INSERT OR IGNORE INTO pokemon (number, name) VALUES (111, 'Rhyhorn');
INSERT OR IGNORE INTO pokemon (number, name) VALUES (112, 'Rhydon');
INSERT OR IGNORE INTO pokemon (number, name) VALUES (113, 'Chansey');
INSERT OR IGNORE INTO pokemon (number, name) VALUES (114, 'Tangela');
INSERT OR IGNORE INTO pokemon (number, name) VALUES (115, 'Kangaskhan');
INSERT OR IGNORE INTO pokemon (number, name) VALUES (116, 'Horsea');
INSERT OR IGNORE INTO pokemon (number, name) VALUES (117, 'Seadra');
INSERT OR IGNORE INTO pokemon (number, name) VALUES (118, 'Goldeen');
INSERT OR IGNORE INTO pokemon (number, name) VALUES (119, 'Seaking');
INSERT OR IGNORE INTO pokemon (number, name) VALUES (120, 'Staryu');
INSERT OR IGNORE INTO pokemon (number, name) VALUES (121, 'Starmie');
INSERT OR IGNORE INTO pokemon (number, name) VALUES (122, 'Mr. Mime');
INSERT OR IGNORE INTO pokemon (number, name) VALUES (123, 'Scyther');
INSERT OR IGNORE INTO pokemon (number, name) VALUES (124, 'Jynx');
INSERT OR IGNORE INTO pokemon (number, name) VALUES (125, 'Electabuzz');
INSERT OR IGNORE INTO pokemon (number, name) VALUES (126, 'Magmar');
INSERT OR IGNORE INTO pokemon (number, name) VALUES (127, 'Pinsir');
INSERT OR IGNORE INTO pokemon (number, name) VALUES (128, 'Tauros');
INSERT OR IGNORE INTO pokemon (number, name) VALUES (129, 'Magikarp');
INSERT OR IGNORE INTO pokemon (number, name) VALUES (130, 'Gyarados');
INSERT OR IGNORE INTO pokemon (number, name) VALUES (131, 'Lapras');
INSERT OR IGNORE INTO pokemon (number, name) VALUES (132, 'Ditto');
INSERT OR IGNORE INTO pokemon (number, name) VALUES (133, 'Eevee');
INSERT OR IGNORE INTO pokemon (number, name) VALUES (134, 'Vaporeon');
INSERT OR IGNORE INTO pokemon (number, name) VALUES (135, 'Jolteon');
INSERT OR IGNORE INTO pokemon (number, name) VALUES (136, 'Flareon');
INSERT OR IGNORE INTO pokemon (number, name) VALUES (137, 'Porygon');
INSERT OR IGNORE INTO pokemon (number, name) VALUES (138, 'Omanyte');
INSERT OR IGNORE INTO pokemon (number, name) VALUES (139, 'Omastar');
INSERT OR IGNORE INTO pokemon (number, name) VALUES (140, 'Kabuto');
INSERT OR IGNORE INTO pokemon (number, name) VALUES (141, 'Kabutops');
INSERT OR IGNORE INTO pokemon (number, name) VALUES (142, 'Aerodactyl');
INSERT OR IGNORE INTO pokemon (number, name) VALUES (143, 'Snorlax');
INSERT OR IGNORE INTO pokemon (number, name) VALUES (144, 'Articuno');
INSERT OR IGNORE INTO pokemon (number, name) VALUES (145, 'Zapdos');
INSERT OR IGNORE INTO pokemon (number, name) VALUES (146, 'Moltres');
INSERT OR IGNORE INTO pokemon (number, name) VALUES (147, 'Dratini');
INSERT OR IGNORE INTO pokemon (number, name) VALUES (148, 'Dragonair');
INSERT OR IGNORE INTO pokemon (number, name) VALUES (149, 'Dragonite');
INSERT OR IGNORE INTO pokemon (number, name) VALUES (150, 'Mewtwo');
INSERT OR IGNORE INTO pokemon (number, name) VALUES (151, 'Mew');


CREATE TABLE IF NOT EXISTS types (
    name VARCHAR(255) NOT NULL,
    PRIMARY KEY (name)
    SECONDARY KEY (name)
);

INSERT OR IGNORE INTO types (name) VALUES ('Normal');
INSERT OR IGNORE INTO types (name) VALUES ('Fire');
INSERT OR IGNORE INTO types (name) VALUES ('Water');
INSERT OR IGNORE INTO types (name) VALUES ('Electric');
INSERT OR IGNORE INTO types (name) VALUES ('Grass');
INSERT OR IGNORE INTO types (name) VALUES ('Ice');
INSERT OR IGNORE INTO types (name) VALUES ('Fighting');
INSERT OR IGNORE INTO types (name) VALUES ('Poison');
INSERT OR IGNORE INTO types (name) VALUES ('Ground');
INSERT OR IGNORE INTO types (name) VALUES ('Flying');
INSERT OR IGNORE INTO types (name) VALUES ('Psychic');
INSERT OR IGNORE INTO types (name) VALUES ('Bug');
INSERT OR IGNORE INTO types (name) VALUES ('Rock');
INSERT OR IGNORE INTO types (name) VALUES ('Ghost');
INSERT OR IGNORE INTO types (name) VALUES ('Dragon');
INSERT OR IGNORE INTO types (name) VALUES ('Dark');
INSERT OR IGNORE INTO types (name) VALUES ('Steel');
INSERT OR IGNORE INTO types (name) VALUES ('Fairy');

CREATE TABLE IF NOT EXISTS pokemon_types (
    pokemon_number INT NOT NULL,
    primary_type VARCHAR(255) NOT NULL,
    secondary_type VARCHAR(255),
    PRIMARY KEY (pokemon_number),
);

INSERT OR IGNORE INTO pokemon_types (pokemon_number, primary_type, secondary_type) VALUES ('Bulbasaur', 'Grass', 'Poison');
INSERT OR IGNORE INTO pokemon_types (pokemon_number, primary_type, secondary_type) VALUES ('Ivysaur', 'Grass', 'Poison');
INSERT OR IGNORE INTO pokemon_types (pokemon_number, primary_type, secondary_type) VALUES ('Venusaur', 'Grass', 'Poison');
INSERT OR IGNORE INTO pokemon_types (pokemon_number, primary_type, secondary_type) VALUES ('Charmander', 'Fire', NULL);
INSERT OR IGNORE INTO pokemon_types (pokemon_number, primary_type, secondary_type) VALUES ('Charmeleon', 'Fire', NULL);
INSERT OR IGNORE INTO pokemon_types (pokemon_number, primary_type, secondary_type) VALUES ('Charizard', 'Fire', 'Flying');
INSERT OR IGNORE INTO pokemon_types (pokemon_number, primary_type, secondary_type) VALUES ('Squirtle', 'Water', NULL);
INSERT OR IGNORE INTO pokemon_types (pokemon_number, primary_type, secondary_type) VALUES ('Wartortle', 'Water', NULL);
INSERT OR IGNORE INTO pokemon_types (pokemon_number, primary_type, secondary_type) VALUES ('Blastoise', 'Water', NULL);
INSERT OR IGNORE INTO pokemon_types (pokemon_number, primary_type, secondary_type) VALUES ('Caterpie', 'Bug', NULL);
INSERT OR IGNORE INTO pokemon_types (pokemon_number, primary_type, secondary_type) VALUES ('Metapod', 'Bug', NULL);
INSERT OR IGNORE INTO pokemon_types (pokemon_number, primary_type, secondary_type) VALUES ('Butterfree', 'Bug', 'Flying');
INSERT OR IGNORE INTO pokemon_types (pokemon_number, primary_type, secondary_type) VALUES ('Weedle', 'Bug', 'Poison');
INSERT OR IGNORE INTO pokemon_types (pokemon_number, primary_type, secondary_type) VALUES ('Kakuna', 'Bug', 'Poison');
INSERT OR IGNORE INTO pokemon_types (pokemon_number, primary_type, secondary_type) VALUES ('Beedrill', 'Bug', 'Poison');
INSERT OR IGNORE INTO pokemon_types (pokemon_number, primary_type, secondary_type) VALUES ('Pidgey', 'Normal', 'Flying');
INSERT OR IGNORE INTO pokemon_types (pokemon_number, primary_type, secondary_type) VALUES ('Pidgeotto', 'Normal', 'Flying');
INSERT OR IGNORE INTO pokemon_types (pokemon_number, primary_type, secondary_type) VALUES ('Pidgeot', 'Normal', 'Flying');
INSERT OR IGNORE INTO pokemon_types (pokemon_number, primary_type, secondary_type) VALUES ('Rattata', 'Normal', NULL);
INSERT OR IGNORE INTO pokemon_types (pokemon_number, primary_type, secondary_type) VALUES ('Raticate', 'Normal', NULL);
INSERT OR IGNORE INTO pokemon_types (pokemon_number, primary_type, secondary_type) VALUES ('Spearow', 'Normal', 'Flying');
INSERT OR IGNORE INTO pokemon_types (pokemon_number, primary_type, secondary_type) VALUES ('Fearow', 'Normal', 'Flying');
INSERT OR IGNORE INTO pokemon_types (pokemon_number, primary_type, secondary_type) VALUES ('Ekans', 'Poison', NULL);
INSERT OR IGNORE INTO pokemon_types (pokemon_number, primary_type, secondary_type) VALUES ('Arbok', 'Poison', NULL);
INSERT OR IGNORE INTO pokemon_types (pokemon_number, primary_type, secondary_type) VALUES ('Pikachu', 'Electric', NULL);
INSERT OR IGNORE INTO pokemon_types (pokemon_number, primary_type, secondary_type) VALUES ('Raichu', 'Electric', NULL);
INSERT OR IGNORE INTO pokemon_types (pokemon_number, primary_type, secondary_type) VALUES ('Sandshrew', 'Ground', NULL);
INSERT OR IGNORE INTO pokemon_types (pokemon_number, primary_type, secondary_type) VALUES ('Sandslash', 'Ground', NULL);
INSERT OR IGNORE INTO pokemon_types (pokemon_number, primary_type, secondary_type) VALUES ('Nidoran♀', 'Poison', NULL);
INSERT OR IGNORE INTO pokemon_types (pokemon_number, primary_type, secondary_type) VALUES ('Nidorina', 'Poison', NULL);
INSERT OR IGNORE INTO pokemon_types (pokemon_number, primary_type, secondary_type) VALUES ('Nidoqueen', 'Poison', 'Ground');
INSERT OR IGNORE INTO pokemon_types (pokemon_number, primary_type, secondary_type) VALUES ('Nidoran♂', 'Poison', NULL);
INSERT OR IGNORE INTO pokemon_types (pokemon_number, primary_type, secondary_type) VALUES ('Nidorino', 'Poison', NULL);
INSERT OR IGNORE INTO pokemon_types (pokemon_number, primary_type, secondary_type) VALUES ('Nidoking', 'Poison', 'Ground');
INSERT OR IGNORE INTO pokemon_types (pokemon_number, primary_type, secondary_type) VALUES ('Clefairy', 'Fairy', NULL);
INSERT OR IGNORE INTO pokemon_types (pokemon_number, primary_type, secondary_type) VALUES ('Clefable', 'Fairy', NULL);
INSERT OR IGNORE INTO pokemon_types (pokemon_number, primary_type, secondary_type) VALUES ('Vulpix', 'Fire', NULL);
INSERT OR IGNORE INTO pokemon_types (pokemon_number, primary_type, secondary_type) VALUES ('Ninetales', 'Fire', NULL);
INSERT OR IGNORE INTO pokemon_types (pokemon_number, primary_type, secondary_type) VALUES ('Jigglypuff', 'Normal', 'Fairy');
INSERT OR IGNORE INTO pokemon_types (pokemon_number, primary_type, secondary_type) VALUES ('Wigglytuff', 'Normal', 'Fairy');
INSERT OR IGNORE INTO pokemon_types (pokemon_number, primary_type, secondary_type) VALUES ('Zubat', 'Poison', 'Flying');
INSERT OR IGNORE INTO pokemon_types (pokemon_number, primary_type, secondary_type) VALUES ('Golbat', 'Poison', 'Flying');
INSERT OR IGNORE INTO pokemon_types (pokemon_number, primary_type, secondary_type) VALUES ('Oddish', 'Grass', 'Poison');
INSERT OR IGNORE INTO pokemon_types (pokemon_number, primary_type, secondary_type) VALUES ('Gloom', 'Grass', 'Poison');
INSERT OR IGNORE INTO pokemon_types (pokemon_number, primary_type, secondary_type) VALUES ('Vileplume', 'Grass', 'Poison');
INSERT OR IGNORE INTO pokemon_types (pokemon_number, primary_type, secondary_type) VALUES ('Paras', 'Bug', 'Grass');
INSERT OR IGNORE INTO pokemon_types (pokemon_number, primary_type, secondary_type) VALUES ('Parasect', 'Bug', 'Grass');
INSERT OR IGNORE INTO pokemon_types (pokemon_number, primary_type, secondary_type) VALUES ('Venonat', 'Bug', 'Poison');
INSERT OR IGNORE INTO pokemon_types (pokemon_number, primary_type, secondary_type) VALUES ('Venomoth', 'Bug', 'Poison');
INSERT OR IGNORE INTO pokemon_types (pokemon_number, primary_type, secondary_type) VALUES ('Diglett', 'Ground', NULL);
INSERT OR IGNORE INTO pokemon_types (pokemon_number, primary_type, secondary_type) VALUES ('Dugtrio', 'Ground', NULL);
INSERT OR IGNORE INTO pokemon_types (pokemon_number, primary_type, secondary_type) VALUES ('Meowth', 'Normal', NULL);
INSERT OR IGNORE INTO pokemon_types (pokemon_number, primary_type, secondary_type) VALUES ('Persian', 'Normal', NULL);
INSERT OR IGNORE INTO pokemon_types (pokemon_number, primary_type, secondary_type) VALUES ('Psyduck', 'Water', NULL);
INSERT OR IGNORE INTO pokemon_types (pokemon_number, primary_type, secondary_type) VALUES ('Golduck', 'Water', NULL);
INSERT OR IGNORE INTO pokemon_types (pokemon_number, primary_type, secondary_type) VALUES ('Mankey', 'Fighting', NULL);
INSERT OR IGNORE INTO pokemon_types (pokemon_number, primary_type, secondary_type) VALUES ('Primeape', 'Fighting', NULL);
INSERT OR IGNORE INTO pokemon_types (pokemon_number, primary_type, secondary_type) VALUES ('Growlithe', 'Fire', NULL);
INSERT OR IGNORE INTO pokemon_types (pokemon_number, primary_type, secondary_type) VALUES ('Arcanine', 'Fire', NULL);
INSERT OR IGNORE INTO pokemon_types (pokemon_number, primary_type, secondary_type) VALUES ('Poliwag', 'Water', NULL);
INSERT OR IGNORE INTO pokemon_types (pokemon_number, primary_type, secondary_type) VALUES ('Poliwhirl', 'Water', NULL);
INSERT OR IGNORE INTO pokemon_types (pokemon_number, primary_type, secondary_type) VALUES ('Poliwrath', 'Water', 'Fighting');
INSERT OR IGNORE INTO pokemon_types (pokemon_number, primary_type, secondary_type) VALUES ('Abra', 'Psychic', NULL);
INSERT OR IGNORE INTO pokemon_types (pokemon_number, primary_type, secondary_type) VALUES ('Kadabra', 'Psychic', NULL);
INSERT OR IGNORE INTO pokemon_types (pokemon_number, primary_type, secondary_type) VALUES ('Alakazam', 'Psychic', NULL);
INSERT OR IGNORE INTO pokemon_types (pokemon_number, primary_type, secondary_type) VALUES ('Machop', 'Fighting', NULL);
INSERT OR IGNORE INTO pokemon_types (pokemon_number, primary_type, secondary_type) VALUES ('Machoke', 'Fighting', NULL);
INSERT OR IGNORE INTO pokemon_types (pokemon_number, primary_type, secondary_type) VALUES ('Machamp', 'Fighting', NULL);
INSERT OR IGNORE INTO pokemon_types (pokemon_number, primary_type, secondary_type) VALUES ('Bellsprout', 'Grass', 'Poison');
INSERT OR IGNORE INTO pokemon_types (pokemon_number, primary_type, secondary_type) VALUES ('Weepinbell', 'Grass', 'Poison');
INSERT OR IGNORE INTO pokemon_types (pokemon_number, primary_type, secondary_type) VALUES ('Victreebel', 'Grass', 'Poison');
INSERT OR IGNORE INTO pokemon_types (pokemon_number, primary_type, secondary_type) VALUES ('Tentacool', 'Water', 'Poison');
INSERT OR IGNORE INTO pokemon_types (pokemon_number, primary_type, secondary_type) VALUES ('Tentacruel', 'Water', 'Poison');
INSERT OR IGNORE INTO pokemon_types (pokemon_number, primary_type, secondary_type) VALUES ('Geodude', 'Rock', 'Ground');
INSERT OR IGNORE INTO pokemon_types (pokemon_number, primary_type, secondary_type) VALUES ('Graveler', 'Rock', 'Ground');
INSERT OR IGNORE INTO pokemon_types (pokemon_number, primary_type, secondary_type) VALUES ('Golem', 'Rock', 'Ground');
INSERT OR IGNORE INTO pokemon_types (pokemon_number, primary_type, secondary_type) VALUES ('Ponyta', 'Fire', NULL);
INSERT OR IGNORE INTO pokemon_types (pokemon_number, primary_type, secondary_type) VALUES ('Rapidash', 'Fire', NULL);
INSERT OR IGNORE INTO pokemon_types (pokemon_number, primary_type, secondary_type) VALUES ('Slowpoke', 'Water', 'Psychic');
INSERT OR IGNORE INTO pokemon_types (pokemon_number, primary_type, secondary_type) VALUES ('Slowbro', 'Water', 'Psychic');
INSERT OR IGNORE INTO pokemon_types (pokemon_number, primary_type, secondary_type) VALUES ('Magnemite', 'Electric', 'Steel');
INSERT OR IGNORE INTO pokemon_types (pokemon_number, primary_type, secondary_type) VALUES ('Magneton', 'Electric', 'Steel');
INSERT OR IGNORE INTO pokemon_types (pokemon_number, primary_type, secondary_type) VALUES ('Farfetch''d', 'Normal', 'Flying');
INSERT OR IGNORE INTO pokemon_types (pokemon_number, primary_type, secondary_type) VALUES ('Doduo', 'Normal', 'Flying');
INSERT OR IGNORE INTO pokemon_types (pokemon_number, primary_type, secondary_type) VALUES ('Dodrio', 'Normal', 'Flying');
INSERT OR IGNORE INTO pokemon_types (pokemon_number, primary_type, secondary_type) VALUES ('Seel', 'Water', NULL);
INSERT OR IGNORE INTO pokemon_types (pokemon_number, primary_type, secondary_type) VALUES ('Dewgong', 'Water', 'Ice');
INSERT OR IGNORE INTO pokemon_types (pokemon_number, primary_type, secondary_type) VALUES ('Grimer', 'Poison', NULL);
INSERT OR IGNORE INTO pokemon_types (pokemon_number, primary_type, secondary_type) VALUES ('Muk', 'Poison', NULL);
INSERT OR IGNORE INTO pokemon_types (pokemon_number, primary_type, secondary_type) VALUES ('Shellder', 'Water', NULL);
INSERT OR IGNORE INTO pokemon_types (pokemon_number, primary_type, secondary_type) VALUES ('Cloyster', 'Water', 'Ice');
INSERT OR IGNORE INTO pokemon_types (pokemon_number, primary_type, secondary_type) VALUES ('Gastly', 'Ghost', 'Poison');
INSERT OR IGNORE INTO pokemon_types (pokemon_number, primary_type, secondary_type) VALUES ('Haunter', 'Ghost', 'Poison');
INSERT OR IGNORE INTO pokemon_types (pokemon_number, primary_type, secondary_type) VALUES ('Gengar', 'Ghost', 'Poison');
INSERT OR IGNORE INTO pokemon_types (pokemon_number, primary_type, secondary_type) VALUES ('Onix', 'Rock', 'Ground');
INSERT OR IGNORE INTO pokemon_types (pokemon_number, primary_type, secondary_type) VALUES ('Drowzee', 'Psychic', NULL);
INSERT OR IGNORE INTO pokemon_types (pokemon_number, primary_type, secondary_type) VALUES ('Hypno', 'Psychic', NULL);
INSERT OR IGNORE INTO pokemon_types (pokemon_number, primary_type, secondary_type) VALUES ('Krabby', 'Water', NULL);
INSERT OR IGNORE INTO pokemon_types (pokemon_number, primary_type, secondary_type) VALUES ('Kingler', 'Water', NULL);
INSERT OR IGNORE INTO pokemon_types (pokemon_number, primary_type, secondary_type) VALUES ('Voltorb', 'Electric', NULL);
INSERT OR IGNORE INTO pokemon_types (pokemon_number, primary_type, secondary_type) VALUES ('Electrode', 'Electric', NULL);
INSERT OR IGNORE INTO pokemon_types (pokemon_number, primary_type, secondary_type) VALUES ('Exeggcute', 'Grass', 'Psychic');
INSERT OR IGNORE INTO pokemon_types (pokemon_number, primary_type, secondary_type) VALUES ('Exeggutor', 'Grass', 'Psychic');
INSERT OR IGNORE INTO pokemon_types (pokemon_number, primary_type, secondary_type) VALUES ('Cubone', 'Ground', NULL);
INSERT OR IGNORE INTO pokemon_types (pokemon_number, primary_type, secondary_type) VALUES ('Marowak', 'Ground', NULL);
INSERT OR IGNORE INTO pokemon_types (pokemon_number, primary_type, secondary_type) VALUES ('Hitmonlee', 'Fighting', NULL);
INSERT OR IGNORE INTO pokemon_types (pokemon_number, primary_type, secondary_type) VALUES ('Hitmonchan', 'Fighting', NULL);
INSERT OR IGNORE INTO pokemon_types (pokemon_number, primary_type, secondary_type) VALUES ('Lickitung', 'Normal', NULL);
INSERT OR IGNORE INTO pokemon_types (pokemon_number, primary_type, secondary_type) VALUES ('Koffing', 'Poison', NULL);
INSERT OR IGNORE INTO pokemon_types (pokemon_number, primary_type, secondary_type) VALUES ('Weezing', 'Poison', NULL);
INSERT OR IGNORE INTO pokemon_types (pokemon_number, primary_type, secondary_type) VALUES ('Rhyhorn', 'Ground', 'Rock');
INSERT OR IGNORE INTO pokemon_types (pokemon_number, primary_type, secondary_type) VALUES ('Rhydon', 'Ground', 'Rock');
INSERT OR IGNORE INTO pokemon_types (pokemon_number, primary_type, secondary_type) VALUES ('Chansey', 'Normal', NULL);
INSERT OR IGNORE INTO pokemon_types (pokemon_number, primary_type, secondary_type) VALUES ('Tangela', 'Grass', NULL);
INSERT OR IGNORE INTO pokemon_types (pokemon_number, primary_type, secondary_type) VALUES ('Kangaskhan', 'Normal', NULL);
INSERT OR IGNORE INTO pokemon_types (pokemon_number, primary_type, secondary_type) VALUES ('Horsea', 'Water', NULL);
INSERT OR IGNORE INTO pokemon_types (pokemon_number, primary_type, secondary_type) VALUES ('Seadra', 'Water', NULL);
INSERT OR IGNORE INTO pokemon_types (pokemon_number, primary_type, secondary_type) VALUES ('Goldeen', 'Water', NULL);
INSERT OR IGNORE INTO pokemon_types (pokemon_number, primary_type, secondary_type) VALUES ('Seaking', 'Water', NULL);
INSERT OR IGNORE INTO pokemon_types (pokemon_number, primary_type, secondary_type) VALUES ('Staryu', 'Water', NULL);
INSERT OR IGNORE INTO pokemon_types (pokemon_number, primary_type, secondary_type) VALUES ('Starmie', 'Water', 'Psychic');
INSERT OR IGNORE INTO pokemon_types (pokemon_number, primary_type, secondary_type) VALUES ('Mr. Mime', 'Psychic', 'Fairy');
INSERT OR IGNORE INTO pokemon_types (pokemon_number, primary_type, secondary_type) VALUES ('Scyther', 'Bug', 'Flying');
INSERT OR IGNORE INTO pokemon_types (pokemon_number, primary_type, secondary_type) VALUES ('Jynx', 'Ice', 'Psychic');
INSERT OR IGNORE INTO pokemon_types (pokemon_number, primary_type, secondary_type) VALUES ('Electabuzz', 'Electric', NULL);
INSERT OR IGNORE INTO pokemon_types (pokemon_number, primary_type, secondary_type) VALUES ('Magmar', 'Fire', NULL);
INSERT OR IGNORE INTO pokemon_types (pokemon_number, primary_type, secondary_type) VALUES ('Pinsir', 'Bug', NULL);
INSERT OR IGNORE INTO pokemon_types (pokemon_number, primary_type, secondary_type) VALUES ('Tauros', 'Normal', NULL);
INSERT OR IGNORE INTO pokemon_types (pokemon_number, primary_type, secondary_type) VALUES ('Magikarp', 'Water', NULL);
INSERT OR IGNORE INTO pokemon_types (pokemon_number, primary_type, secondary_type) VALUES ('Gyarados', 'Water', 'Flying');
INSERT OR IGNORE INTO pokemon_types (pokemon_number, primary_type, secondary_type) VALUES ('Lapras', 'Water', 'Ice');
INSERT OR IGNORE INTO pokemon_types (pokemon_number, primary_type, secondary_type) VALUES ('Ditto', 'Normal', NULL);
INSERT OR IGNORE INTO pokemon_types (pokemon_number, primary_type, secondary_type) VALUES ('Eevee', 'Normal', NULL);
INSERT OR IGNORE INTO pokemon_types (pokemon_number, primary_type, secondary_type) VALUES ('Vaporeon', 'Water', NULL);
INSERT OR IGNORE INTO pokemon_types (pokemon_number, primary_type, secondary_type) VALUES ('Jolteon', 'Electric', NULL);
INSERT OR IGNORE INTO pokemon_types (pokemon_number, primary_type, secondary_type) VALUES ('Flareon', 'Fire', NULL);
INSERT OR IGNORE INTO pokemon_types (pokemon_number, primary_type, secondary_type) VALUES ('Porygon', 'Normal', NULL);
INSERT OR IGNORE INTO pokemon_types (pokemon_number, primary_type, secondary_type) VALUES ('Omanyte', 'Rock', 'Water');
INSERT OR IGNORE INTO pokemon_types (pokemon_number, primary_type, secondary_type) VALUES ('Omastar', 'Rock', 'Water');
INSERT OR IGNORE INTO pokemon_types (pokemon_number, primary_type, secondary_type) VALUES ('Kabuto', 'Rock', 'Water');
INSERT OR IGNORE INTO pokemon_types (pokemon_number, primary_type, secondary_type) VALUES ('Kabutops', 'Rock', 'Water');
INSERT OR IGNORE INTO pokemon_types (pokemon_number, primary_type, secondary_type) VALUES ('Aerodactyl', 'Rock', 'Flying');
INSERT OR IGNORE INTO pokemon_types (pokemon_number, primary_type, secondary_type) VALUES ('Snorlax', 'Normal', NULL);
INSERT OR IGNORE INTO pokemon_types (pokemon_number, primary_type, secondary_type) VALUES ('Articuno', 'Ice', 'Flying');
INSERT OR IGNORE INTO pokemon_types (pokemon_number, primary_type, secondary_type) VALUES ('Zapdos', 'Electric', 'Flying');
INSERT OR IGNORE INTO pokemon_types (pokemon_number, primary_type, secondary_type) VALUES ('Moltres', 'Fire', 'Flying');
INSERT OR IGNORE INTO pokemon_types (pokemon_number, primary_type, secondary_type) VALUES ('Dratini', 'Dragon', NULL);
INSERT OR IGNORE INTO pokemon_types (pokemon_number, primary_type, secondary_type) VALUES ('Dragonair', 'Dragon', NULL);
INSERT OR IGNORE INTO pokemon_types (pokemon_number, primary_type, secondary_type) VALUES ('Dragonite', 'Dragon', 'Flying');
INSERT OR IGNORE INTO pokemon_types (pokemon_number, primary_type, secondary_type) VALUES ('Mewtwo', 'Psychic', NULL);
INSERT OR IGNORE INTO pokemon_types (pokemon_number, primary_type, secondary_type) VALUES ('Mew', 'Psychic', NULL);